{
    "W1": [
        [
            3.6978857037472292,
            0.5683488051378043,
            -0.8478889979774759,
            3.923349331998209
        ],
        [
            -2.345421237404737,
            -0.3361465281725491,
            1.2650243085072168,
            -0.8342404084794582
        ],
        [
            -2.846594400138286,
            -0.5310935438739375,
            1.7804060591148405,
            -3.4936003571677294
        ],
        [
            -0.3095694119548121,
            -0.21296238422313188,
            -0.577702757984088,
            2.4561997785733256
        ],
        [
            0.9643855566624531,
            -0.049955470303848434,
            1.088408592025963,
            1.987731992009701
        ],
        [
            1.659365380953348,
            0.39736651785029037,
            -1.0840303287462523,
            -1.1582823746540412
        ]
    ],
    "B1": [
        -2.0668606569095576,
        0.05875560423557651,
        -0.7164485553549284,
        -1.3161522079150463
    ],
    "W2": [
        2.091579897735715,
        -0.09565561994082297,
        0.7318124467216226,
        -1.0577149658750824
    ],
    "B2": 1.8546470575159535,
    "mins": [
        1.0,
        0.0,
        0.0,
        0.0,
        0.0,
        0.0
    ],
    "maxs": [
        5.0,
        4.0,
        3.0,
        3.0,
        1.0,
        4.0
    ]
}