{
    "W1": [
        [
            1.3576653151054638,
            0.5109219862030902,
            0.11866156252992502,
            -1.1904116282656263
        ],
        [
            -1.41834840895352,
            -3.0739594591450228,
            -0.14452272653515255,
            2.530073240903594
        ],
        [
            -0.8401832632285692,
            0.2244734191887846,
            -0.0633854683940911,
            -1.9150948116541926
        ],
        [
            4.869251882634119,
            3.391071574086448,
            0.0882410843127589,
            -0.6885948604969653
        ],
        [
            0.450422514872674,
            0.6905309277972831,
            -0.020045484456342254,
            -0.8173512923417473
        ],
        [
            -2.0982802365272724,
            1.5789473539275853,
            0.010656290169475132,
            -1.394259768752159
        ]
    ],
    "B1": [
        0.0007940501643901149,
        -1.3197140759793753,
        0.021962796973720847,
        -0.6387905169437921
    ],
    "W2": [
        -0.49141045506005193,
        -1.171633187163954,
        0.0183899016543669,
        -0.6297292570794187
    ],
    "B2": -1.1896288534727597,
    "mins": [
        1.0,
        0.0,
        0.0,
        0.0,
        0.0,
        0.0
    ],
    "maxs": [
        5.0,
        4.0,
        3.0,
        3.0,
        1.0,
        4.0
    ]
}